Workbook
Name Target: BIO!$B$9:$E$24

Sheet BIO
A1: Student Name | B1: AnaLiza Gallegos
A2: Date Joined | B2: 43757
A3: Student ID
A4: Tuition Program
A5: Current Rank | B5: Jyokyo Nim | C5: Black Belt
A6: Date of Last Promotion
B8: Belt | C8: Interval | D8: Period | E8: Test Date
A9: Huin ddi | B9: White Belt | C9: 0 | D9: 0
A10: Huin ddi | B10: Yellow Stripe | C10: =SUM(E10-E9) -> 0 | D10: 1
A11: Norang ddi | B11: Yellow Belt | C11: =SUM(E11-E10) -> 0 | D11: 2
A12: Norang ddi | B12: Blue Stripe | C12: =SUM(E12-E11) -> 0 | D12: 3
A13: Cheong ddi | B13: Blue Belt | C13: =SUM(E13-E12) -> 0 | D13: 4
A14: Cheong ddi | B14: Red Stripe | C14: =SUM(E14-E13) -> 0 | D14: 5
A15: Hong ddi | B15: Red Belt | C15: =SUM(E15-E14) -> 0 | D15: 6
A16: Hong ddi | B16: Brown Stripe | C16: =SUM(E16-E15) -> 0 | D16: 7
A17: Ja ddi | B17: Brown Belt | C17: =SUM(E17-E16) -> 0 | D17: 8
A18: Ja ddi | B18: 1 Black Stripe | C18: =SUM(E18-E17) -> 0 | D18: 9
A19: Dahnbo Nim | B19: 2 Black Stripes | C19: =SUM(E19-E18) -> 0 | D19: 10
A20: Dahnbo Nim | B20: 3 Black Stripes | C20: =SUM(E20-E19) -> 0 | D20: 11
A21: Dahnbo Nim | B21: 4 Black Stripes | C21: =SUM(E21-E20) -> 0 | D21: 12
... A24: Jyokyo Nim | B24: Black Belt | C24: =SUM(E24-E23) -> 0 | D24: 15

Sheet Rollup
A1: Start Date | B1: =BIO!$B$2 -> 43757 | C1: Todays Date | D1: =TODAY() -> 45226
A2: Current Rank | B2: =BIO!$C$5 -> Black Belt | C2: Testing Date | D2: =VLOOKUP(B3,Target,4,0) -> 0
A3: Target Rank | B3: Yellow Belt | C3: Days Until Testing | D3: =SUM(D2-(TODAY())) -> -45226
A4: Yellow Stripe Requirments
A5: Etiquette | B5: Instruction Date | C5: Days Until Eval | D5: Evaluation Date | E5: Status | F5: Notes
A6: Bowing
A8: Stances (Jah Se) | B8: Instruction Date | C8: Days Until Eval | D8: Evaluation Date | E8: Status | F8: Nickname
A9: Cha Ryuht | B9: =TODAY() -> 45226 | C9: 14 | D9: =SUM(B9+C9) -> 45240 | E9: Proficient | F9: Attention
A10: Kong Kyuk Jah Se | B10: =TODAY() -> 45226 | C10: 14 | D10: =SUM(B10+C10) -> 45240 | E10: Proficient | F10: Left Fighting Stance
A11: Bahng Uh Jah Se | B11: =TODAY() -> 45226 | C11: 14 | D11: =SUM(B11+C11) -> 45240 | E11: Proficient | F11: Right Fighting Stance
A12: Ki Mah Jah Se | B12: =TODAY() -> 45226 | C12: 14 | D12: =SUM(B12+C12) -> 45240 | E12: Proficient | F12: Horse Stance
A13: Juhn Guhl Jah se | B13: =TODAY() -> 45226 | C13: 14 | D13: =SUM(B13+C13) -> 45240 | E13: Proficient | F13: Front Stance
A15: Technique
A16: Sohnh Ppae Ki 1-5 | B16: Instruction Date | C16: Days Until Eval | D16: Evaluation Date | E16: Status | F16: Nickname | G16: Notes: Always Attack Opponents Thumb; Fingers Open WIDE
A17: 1 | B17: =TODAY() -> 45226 | C17: 14 | D17: =SUM(B17+C17) -> 45240 | E17: Proficient | F17: UP | G17: Thumb Up: Rotate up and out.
A18: 2 | B18: =TODAY() -> 45226 | C18: 14 | D18: =SUM(B18+C18) -> 45240 | E18: Proficient | F18: Left | G18: Thumb Left; Rotate Left Horizontally and out
A19: 3 | B19: =TODAY() -> 45226 | C19: 14 | D19: =SUM(B19+C19) -> 45240 | E19: Proficient | F19: Down | G19: Thumb Down; Rotate forward, down, and out
A20: 4 | B20: =TODAY() -> 45226 | C20: 14 | D20: =SUM(B20+C20) -> 45240 | E20: Proficient | F20: Out | G20: Thumb Right, Palm Up Shoot Out 45 degree
A21: 5 | B21: =TODAY() -> 45226 | C21: 14 | D21: =SUM(B21+C21) -> 45240 | E21: Proficient | F21: Circle | G21: Rotate Clockwise, Knife Edge Left
A23: Yellow Belt Requirments
A24: Technique
A25: Ki Bohn Soo 1-5 | B25: Instruction Date | C25: Days Until Eval | D25: Evaluation Date | E25: Status | F25: Nickname | G25: Notes: Point Fingers Where You Want Opponent to Go.
A26: 1 | B26: =TODAY() -> 45226 | C26: 14 | D26: =SUM(B26+C26) -> 45240 | E26: Proficient | F26: Throw Left
A27: 2 | B27: =TODAY() -> 45226 | C27: 14 | D27: =SUM(B27+C27) -> 45240 | E27: Proficient | F27: Spock Shock
A28: 3 | B28: =TODAY() -> 45226 | C28: 14 | D28: =SUM(B28+C28) -> 45240 | E28: Proficient | F28: Hand Shake-Elbow Drop
A29: 4 | B29: =TODAY() -> 45226 | C29: 14 | D29: =SUM(B29+C29) -> 45240 | E29: Proficient | F29: Throw Right
A30: 5 | B30: =TODAY() -> 45226 | C30: 14 | D30: =SUM(B30+C30) -> 45240 | E30: Proficient | F30: Left Over
A31: 6 | B31: =TODAY() -> 45226 | C31: 14 | D31: =SUM(B31+C31) -> 45240 | E31: Proficient | F31: Sudo-Elbow Chop
A32: 7 | B32: =TODAY() -> 45226 | C32: 14 | D32: =SUM(B32+C32) -> 45240 | E32: Proficient | F32: Shoulder Break
A33: 8 | B33: =TODAY() -> 45226 | C33: 14 | D33: =SUM(B33+C33) -> 45240 | E33: Proficient | F33: Y Grab up
A34: 9 | B34: =TODAY() -> 45226 | C34: 14 | D34: =SUM(B34+C34) -> 45240 | E34: Proficient | F34: Hook Knee
A35: 10 | B35: =TODAY() -> 45226 | C35: 14 | D35: =SUM(B35+C35) -> 45240 | E35: Proficient | F35: Temple Thro
A36: 11 | B36: =TODAY() -> 45226 | C36: 14 | D36: =SUM(B36+C36) -> 45240 | E36: Proficient | F36: Chin Throw
A37: 12 | B37: =TODAY() -> 45226 | C37: 14 | D37: =SUM(B37+C37) -> 45240 | E37: Proficient | F37: Throat
... A40: 15 | B40: =TODAY() -> 45226 | C40: 14 | D40: =SUM(B40+C40) -> 45240 | E40: Proficient | F40: High Low
A42: Form
A43: Ki Cho Hyung 4-6
A44: Form
A45: Ki Cho Hyung 1-3
A46: Ki Cho Hyung 1 | B46: Instruction Date | C46: Days Until Eval | D46: Evaluation Date | E46: Status | F46: Notes:
B47: =TODAY() -> 45226 | C47: 14 | D47: =SUM(B47+C47) -> 45240 | E47: Proficient
A48: Ki Cho Hyung 2 | B48: Instruction Date | C48: Days Until Eval | D48: Evaluation Date | E48: Status | F48: Notes:
B49: =TODAY() -> 45226 | C49: 14 | D49: =SUM(B49+C49) -> 45240 | E49: Proficient
A50: Ki Cho Hyung 3 | B50: Instruction Date | C50: Days Until Eval | D50: Evaluation Date | E50: Status | F50: Notes:
B51: =TODAY() -> 45226 | C51: 14 | D51: =SUM(B51+C51) -> 45240 | E51: Proficient
A52: Ki Cho Hyung 4 | B52: Instruction Date | C52: Days Until Eval | D52: Evaluation Date | E52: Status | F52: Notes:
B53: =TODAY() -> 45226 | C53: 14 | D53: =SUM(B53+C53) -> 45240 | E53: Proficient
A54: Ki Cho Hyung 5 | B54: Instruction Date | C54: Days Until Eval | D54: Evaluation Date | E54: Status | F54: Notes:
B55: =TODAY() -> 45226 | C55: 14 | D55: =SUM(B55+C55) -> 45240 | E55: Proficient
A56: Ki Cho Hyung 6 | B56: Instruction Date | C56: Days Until Eval | D56: Evaluation Date | E56: Status | F56: Notes:
B57: =TODAY() -> 45226 | C57: 14 | D57: =SUM(B57+C57) -> 45240 | E57: Proficient

Sheet Testing Chart

Sheet White Belt
A1: Start Date | B1: =BIO!$B$2 -> 43757 | C1: Todays Date | D1: =TODAY() -> 45226
A2: Current Rank | B2: =BIO!$C$5 -> Black Belt | C2: Testing Date | D2: =VLOOKUP(B3,Target,4,0) -> 0
A3: Target Rank | B3: Yellow Belt | C3: Days Until Testing | D3: =SUM(D2-(TODAY())) -> -45226
A5: Yellow Stripe Requirements
A6: Theory
A7: Etiquette | B7: Instruction Date | C7: Days Until Eval | D7: Evaluation Date | E7: Status | F7: Notes: Customs and Courtesies Displayed By Students of Kuk Sool Won in and out of the Do Jahng
A8: Do Jahng Etiquette | B8: =TODAY() -> 45226 | C8: 14 | D8: =SUM(B8+C8) -> 45240 | E8: Proficient | F8: Customs/Courtesies when entering Leaving the School/Mats, Addressing others, Focus,
A9: Bowing | B9: =TODAY() -> 45226 | C9: 14 | D9: =SUM(B9+C9) -> 45240 | E9: Proficient | F9: Types of Bows and occasions involving bowing
A10: Uniforms | B10: =TODAY() -> 45226 | C10: 14 | D10: =SUM(B10+C10) -> 45240 | E10: Proficient | F10: Proper way to wear the uniform
A11: Foundation | B11: Instruction Date | C11: Days Until Eval | D11: Evaluation Date | E11: Status | F11: Notes:
A12: Five Principles of a Warrior | B12: =TODAY() -> 45226 | C12: 14 | D12: =SUM(B12+C12) -> 45240 | E12: Proficient | F12: Moral Character
A13: Technical | B13: Instruction Date | C13: Days Until Eval | D13: Evaluation Date | E13: Status | F13: Notes:
A14: Forms | B14: =TODAY() -> 45226 | C14: 14 | D14: =SUM(B14+C14) -> 45240 | E14: Proficient
A15: Basic Techniques | B15: =TODAY() -> 45226 | C15: 14 | D15: =SUM(B15+C15) -> 45240 | E15: Proficient
A16: Language | B16: Instruction Date | C16: Days Until Eval | D16: Evaluation Date | E16: Status | F16: Notes:
A17: Counting | B17: =TODAY() -> 45226 | C17: 14 | D17: =SUM(B17+C17) -> 45240 | E17: Proficient | F17: Counting in Korean
A18: Names of Hand Attacks | B18: =TODAY() -> 45226 | C18: 14 | D18: =SUM(B18+C18) -> 45240 | E18: Proficient
A20: Technique
A21: Stances (Jah Se) | B21: Instruction Date | C21: Days Until Eval | D21: Evaluation Date | E21: Status | F21: Nickname | G21: Notes: Basic Stances used in Forms and During Techniques; During Practice Stances should be as low as possible
A22: Cha Ryuht | B22: =TODAY() -> 45226 | C22: 14 | D22: =SUM(B22+C22) -> 45240 | E22: Proficient | F22: Attention
A23: Kong Kyuk Jah Se | B23: =TODAY() -> 45226 | C23: 14 | D23: =SUM(B23+C23) -> 45240 | E23: Proficient | F23: Left Fighting Stance
A24: Bahng Uh Jah Se | B24: =TODAY() -> 45226 | C24: 14 | D24: =SUM(B24+C24) -> 45240 | E24: Proficient | F24: Right Fighting Stance
A25: Ki Mah Jah Se | B25: =TODAY() -> 45226 | C25: 14 | D25: =SUM(B25+C25) -> 45240 | E25: Proficient | F25: Horse Stance
A26: Juhn Guhl Jah se | B26: =TODAY() -> 45226 | C26: 14 | D26: =SUM(B26+C26) -> 45240 | E26: Proficient | F26: Front Stance
A27: Crane Stance | B27: =TODAY() -> 45226 | C27: 14 | D27: =SUM(B27+C27) -> 45240 | E27: Proficient | F27: Front Stance
A29: Dahn Juhn Ki (1-6) | B29: Instruction Date | C29: Days Until Eval | D29: Evaluation Date | E29: Status | F29: Nickname | G29: Notes: Breating Excercises
A30: 1 | B30: =TODAY() -> 45226 | C30: 14 | D30: =SUM(B30+C30) -> 45240 | E30: Proficient
A31: 2 | B31: =TODAY() -> 45226 | C31: 14 | D31: =SUM(B31+C31) -> 45240 | E31: Proficient
A33: Ki Cho Jah Ki | B33: Instruction Date | C33: Days Until Eval | D33: Evaluation Date | E33: Status | F33: Notes: "Winging out" Technique to focus and direct the flow of Energy (Ki) through the body
A34: 1 | B34: =TODAY() -> 45226 | C34: 14 | D34: =SUM(B34+C34) -> 45240 | E34: Proficient
A35: 2 | B35: =TODAY() -> 45226 | C35: 14 | D35: =SUM(B35+C35) -> 45240 | E35: Proficient
A36: 3 | B36: =TODAY() -> 45226 | C36: 14 | D36: =SUM(B36+C36) -> 45240 | E36: Proficient
A37: 4 | B37: =TODAY() -> 45226 | C37: 14 | D37: =SUM(B37+C37) -> 45240 | E37: Proficient
A38: 5 | B38: =TODAY() -> 45226 | C38: 14 | D38: =SUM(B38+C38) -> 45240 | E38: Proficient
A39: 6 | B39: =TODAY() -> 45226 | C39: 14 | D39: =SUM(B39+C39) -> 45240 | E39: Proficient
A41: Mohm Puhl Ki | B41: Instruction Date | C41: Days Until Eval | D41: Evaluation Date | E41: Status | F41: Notes: Body Conditioning; Stretches designed to loosen and strengthen the body to withstand the rigors of training
A42: 1-Forward/Back Stretch | B42: =TODAY() -> 45226 | C42: 14 | D42: =SUM(B42+C42) -> 45240 | E42: Proficient
A43: 2-Look Up/Down | B43: =TODAY() -> 45226 | C43: 14 | D43: =SUM(B43+C43) -> 45240 | E43: Proficient
A44: 3-Look Side/Side | B44: =TODAY() -> 45226 | C44: 14 | D44: =SUM(B44+C44) -> 45240 | E44: Proficient
A45: 4-Rotate Head | B45: =TODAY() -> 45226 | C45: 14 | D45: =SUM(B45+C45) -> 45240 | E45: Proficient
A46: 5-Rotate Arms | B46: =TODAY() -> 45226 | C46: 14 | D46: =SUM(B46+C46) -> 45240 | E46: Proficient
A47: 6-Rotate Hips | B47: =TODAY() -> 45226 | C47: 14 | D47: =SUM(B47+C47) -> 45240 | E47: Proficient
A48: 7-Knee Bends | B48: =TODAY() -> 45226 | C48: 14 | D48: =SUM(B48+C48) -> 45240 | E48: Proficient
A49: 8-Rotate Knees | B49: =TODAY() -> 45226 | C49: 14 | D49: =SUM(B49+C49) -> 45240 | E49: Proficient
A50: 9-Stretch Over knees | B50: =TODAY() -> 45226 | C50: 14 | D50: =SUM(B50+C50) -> 45240 | E50: Proficient
A51: 10-Long Stretch | B51: =TODAY() -> 45226 | C51: 14 | D51: =SUM(B51+C51) -> 45240 | E51: Proficient
A52: 11-Grab Toes | B52: =TODAY() -> 45226 | C52: 14 | D52: =SUM(B52+C52) -> 45240 | E52: Proficient
A53: 12-Ankle Circles | B53: =TODAY() -> 45226 | C53: 14 | D53: =SUM(B53+C53) -> 45240 | E53: Proficient
... A75: 34-Back Stretch | B75: =TODAY() -> 45226 | C75: 14 | D75: =SUM(B75+C75) -> 45240 | E75: Proficient
A77: Soo Ki | B77: Instruction Date | C77: Days Until Eval | D77: Evaluation Date | E77: Status | F77: Nickname | G77: Notes: Hand Techniques; Basic attacks of the weaponless hand
A78: Inside Block | B78: =TODAY() -> 45226 | C78: 14 | D78: =SUM(B78+C78) -> 45240 | E78: Proficient | F78: Inside Block
A79: High Low Cover | B79: =TODAY() -> 45226 | C79: 18 | D79: =SUM(B79+C79) -> 45244 | E79: Proficient | F79: High Low Cover
A80: High Low Middle Block
A81: Up Cover | B81: =TODAY() -> 45226 | C81: 14 | D81: =SUM(B81+C81) -> 45240 | E81: Proficient | F81: Up Cover
A82: Cross Block (X-Cover) | B82: =TODAY() -> 45226 | C82: 19 | D82: =SUM(B82+C82) -> 45245 | E82: Proficient | F82: Cross Block (X-Cover)
A83: Straight Punch | B83: =TODAY() -> 45226 | C83: 14 | D83: =SUM(B83+C83) -> 45240 | E83: Proficient | F83: Straight Punch
A84: Palm Strike | B84: =TODAY() -> 45226 | C84: 14 | D84: =SUM(B84+C84) -> 45240 | E84: Proficient | F84: Palm Strike
A85: Ridge Hand Strike | B85: =TODAY() -> 45226 | C85: 14 | D85: =SUM(B85+C85) -> 45240 | E85: Proficient | F85: Ridge Hand Strike
A86: Spear Hand Chop | B86: =TODAY() -> 45226 | C86: 14 | D86: =SUM(B86+C86) -> 45240 | E86: Proficient | F86: Spear Hand Chop
A87: Elbow Strike | B87: =TODAY() -> 45226 | C87: 14 | D87: =SUM(B87+C87) -> 45240 | E87: Proficient | F87: Elbow Strike
A88: Circle Knife Hand | B88: =TODAY() -> 45226 | C88: 14 | D88: =SUM(B88+C88) -> 45240 | E88: Proficient | F88: Circle Knife Hand
A90: Johk Sool | B90: Instruction Date | C90: Days Until Eval | D90: Evaluation Date | E90: Status | F90: Nickname | G90: Notes: Foot Techniques; Basic attacks using the feet
A91: 1 | B91: =TODAY() -> 45226 | C91: 14 | D91: =SUM(B91+C91) -> 45240 | E91: Proficient | F91: Straight Leg Kick
A92: 2 | B92: =TODAY() -> 45226 | C92: 14 | D92: =SUM(B92+C92) -> 45240 | E92: Proficient | F92: Front Kick
A93: 4 | B93: =TODAY() -> 45226 | C93: 14 | D93: =SUM(B93+C93) -> 45240 | E93: Proficient | F93: Inside Kick
A94: 7 | B94: =TODAY() -> 45226 | C94: 14 | D94: =SUM(B94+C94) -> 45240 | E94: Proficient | F94: Side Kick
A96: Nak Bub | B96: Instruction Date | C96: Days Until Eval | D96: Evaluation Date | E96: Status | F96: Nickname | G96: Notes: Falling Principles; Ways to move the boding to redirect kinetic energy during falling and acrobatics; protects the student from injury form falls
A97: Ahp Nak Bub | B97: =TODAY() -> 45226 | C97: 14 | D97: =SUM(B97+C97) -> 45240 | E97: Proficient | F97: Front Fall
A98: Dee Nak Bub | B98: =TODAY() -> 45226 | C98: 14 | D98: =SUM(B98+C98) -> 45240 | E98: Proficient | F98: Back Fall
A99: Yuhp Nak Bub | B99: =TODAY() -> 45226 | C99: 14 | D99: =SUM(B99+C99) -> 45240 | E99: Proficient | F99: Side Fall
A100: Ahp Yuhp Nak Bub | B100: =TODAY() -> 45226 | C100: 14 | D100: =SUM(B100+C100) -> 45240 | E100: Proficient | F100: Front Side Fall
A101: Hweh Juhn Nak Bub | B101: =TODAY() -> 45226 | C101: 14 | D101: =SUM(B101+C101) -> 45240 | E101: Proficient | F101: Rolling Fall
A103: Sohnh Ppae Ki 1-5 | B103: Instruction Date | C103: Days Until Eval | D103: Evaluation Date | E103: Status | F103: Nickname | G103: Notes: Wrist Escapes; Always Attack Opponents Thumb; Fingers Open WIDE
A104: 1 | B104: =TODAY() -> 45226 | C104: 14 | D104: =SUM(B104+C104) -> 45240 | E104: Proficient | F104: UP | G104: Thumb Up: Rotate up and out.
A105: 2 | B105: =TODAY() -> 45226 | C105: 14 | D105: =SUM(B105+C105) -> 45240 | E105: Proficient | F105: Left | G105: Thumb Left; Rotate Left Horizontally and out
A106: 3 | B106: =TODAY() -> 45226 | C106: 14 | D106: =SUM(B106+C106) -> 45240 | E106: Proficient | F106: Down | G106: Thumb Down; Rotate forward, down, and out
A107: 4 | B107: =TODAY() -> 45226 | C107: 14 | D107: =SUM(B107+C107) -> 45240 | E107: Proficient | F107: Out | G107: Thumb Right, Palm Up Shoot Out 45 degree
A108: 5 | B108: =TODAY() -> 45226 | C108: 14 | D108: =SUM(B108+C108) -> 45240 | E108: Proficient | F108: Circle | G108: Rotate Clockwise, Knife Edge Left
A110: Ki Bohn Soo 1-5 | B110: Instruction Date | C110: Days Until Eval | D110: Evaluation Date | E110: Status | F110: Nickname | G110: Notes: Fundamental Techniques; Basic Attacks, Joint locks and Throws which form the foundation of all higher techniques;
A111: 1 | B111: =TODAY() -> 45226 | C111: 14 | D111: =SUM(B111+C111) -> 45240 | E111: Proficient | F111: Throw Left | G111: Step; Two Hand; step through; Rotate Throw
A112: 2 | B112: =TODAY() -> 45226 | C112: 14 | D112: =SUM(B112+C112) -> 45240 | E112: Proficient | F112: Neck Pinch | G112: Skip; Left Grabs Right; Step through and rotate CCW; Arm Bar/Pressure Point, Kick to knee
A113: 3 | B113: =TODAY() -> 45226 | C113: 14 | D113: =SUM(B113+C113) -> 45240 | E113: Proficient | F113: Elbow Drop | G113: Step; Right Grabs Right; Step Through; Rotate CW; Left Grabs Elbow/Fold Arm; Kneel
A114: 4 | B114: =TODAY() -> 45226 | C114: 14 | D114: =SUM(B114+C114) -> 45240 | E114: Proficient | F114: Throw Right | G114: Skip; Two hands Grab Right; Step through; Rotate CCW; Kneel/Throw
A115: 5 | B115: =TODAY() -> 45226 | C115: 14 | D115: =SUM(B115+C115) -> 45240 | E115: Proficient | F115: Left Over | G115: Skip; Two Hands Grab Right; PP/WL; Pivot CCW; Kneel;
A117: Form
A118: Ki Cho Hyung ( Fundamental Form) 1-3
A119: Ki Cho Hyung 1 | B119: Instruction Date | C119: Days Until Eval | D119: Evaluation Date | E119: Status | F119: Notes:
B120: =TODAY() -> 45226 | C120: 14 | D120: =SUM(B120+C120) -> 45240 | E120: Proficient | F120: Start in Left Fighting Stance
A121: 1 | F121: Hand on Hips; Front Kick; Step Forward to Front Kick
A122: 2 | F122: Right Cross Block; Left Upper Block, Right Punch
A123: 3 | F123: Left Hand Up cover; Right Hand to Hip
A124: 4 | F124: Turn Left to Horse stance; Left hand to Hip; Right Cross Block
A125: 5 | F125: Left Hand Up Cover; Right hand to Hip
A126: 6 | F126: Turn Left to Front Stance; Left Hand becomes Target
A127: 7 | F127: Inside Kick; Land in Horse Stance facing Left; Both Hands on Hips
A128: 8 | F128: Right Hand Inverted Chop to Neck, Left Hand on Hip
A129: 9 | F129: Left Hand Chop Down-Right Hand on Hip (Palm Up)
A130: 10 | F130: Turn Left to Long Front Stance; Left Hand Becomes Target
A131: 11 | F131: Right Hand Inverted Chop to Left hand
A132: 12 | F132: Grab Wrist, Shift to Left Fighting Stance; Elbow to rear
...

Sheet Yellow Stripe
A1: Start Date | B1: =BIO!$B$2 -> 43757 | C1: Todays Date | D1: =TODAY() -> 45226
A2: Current Rank | B2: =BIO!$C$5 -> Black Belt | C2: Testing Date | D2: =VLOOKUP(B3,Target,4,0) -> 0
A3: Target Rank | B3: Yellow Belt | C3: Days Until Testing | D3: =SUM(D2-(TODAY())) -> -45226
A5: Yellow Belt Requirments
A7: Theory
A8: Etiquette | B8: Instruction Date | C8: Days Until Eval | D8: Evaluation Date | E8: Status | F8: Notes:
A9: Hwarang Do Sesok O-Gye | B9: =TODAY() -> 45226 | C9: 14 | D9: =SUM(B9+C9) -> 45240 | E9: In Progress | F9: Code Of Ethics
A10: Kuk Sool Won Creed | B10: =TODAY() -> 45226 | C10: 14 | D10: =SUM(B10+C10) -> 45240 | E10: Proficient | F10: Student Oath
A11: Foundation | B11: Instruction Date | C11: Days Until Eval | D11: Evaluation Date | E11: Status | F11: Notes:
A12: You-Won-Hwa | B12: =TODAY() -> 45226 | C12: 14 | D12: =SUM(B12+C12) -> 45240 | E12: In Progress | F12: Water
A13: Technical | B13: Instruction Date | C13: Days Until Eval | D13: Evaluation Date | E13: Status | F13: Notes:
A14: Punching | B14: =TODAY() -> 45226 | C14: 14 | D14: =SUM(B14+C14) -> 45240 | E14: Proficient
A15: Kicking | B15: =TODAY() -> 45226 | C15: 14 | D15: =SUM(B15+C15) -> 45240 | E15: Proficient
A16: Promotions: Belts/Stripes | B16: =TODAY() -> 45226 | C16: 14 | D16: =SUM(B16+C16) -> 45240 | E16: Proficient
A17: Language | B17: Instruction Date | C17: Days Until Eval | D17: Evaluation Date | E17: Status | F17: Notes:
A18: Names and Titles | B18: =TODAY() -> 45226 | C18: 14 | D18: =SUM(B18+C18) -> 45240 | E18: Proficient | F18: Addressing Others
A19: Names of Foots Attacks | B19: =TODAY() -> 45226 | C19: 14 | D19: =SUM(B19+C19) -> 45240 | E19: Proficient | F19: Addressing Others
A21: Technique
A22: Stances (Jah Se) | B22: Instruction Date | C22: Days Until Eval | D22: Evaluation Date | E22: Status | F22: Nickname | G22: Notes: Basic Stances
A23: Dragon Stance | B23: =TODAY() -> 45226 | C23: 14 | D23: =SUM(B23+C23) -> 45240 | E23: Proficient
A24: Cat Stance | B24: =TODAY() -> 45226 | C24: 14 | D24: =SUM(B24+C24) -> 45240 | E24: Proficient
A26: Dahn Juhn Ki | B26: Instruction Date | C26: Days Until Eval | D26: Evaluation Date | E26: Status | F26: Nickname | G26: Notes: Breating Excercises
A27: 3 | B27: =TODAY() -> 45226 | C27: 14 | D27: =SUM(B27+C27) -> 45240 | E27: Proficient
A28: 4 | B28: =TODAY() -> 45226 | C28: 14 | D28: =SUM(B28+C28) -> 45240 | E28: Proficient
A30: Nak Bub | B30: Instruction Date | C30: Days Until Eval | D30: Evaluation Date | E30: Status | F30: Nickname | G30: Notes: Falling Principles
A31: Goh Yahng Ee Nak Bub | B31: =TODAY() -> 45226 | C31: 14 | D31: =SUM(B31+C31) -> 45240 | E31: Proficient | F31: Cat Roll
A32: Doo Sohn Poong Cha | B32: =TODAY() -> 45226 | C32: 14 | D32: =SUM(B32+C32) -> 45240 | E32: Proficient | F32: Cart Wheel
A34: Soo Ki | B34: Instruction Date | C34: Days Until Eval | D34: Evaluation Date | E34: Status | F34: Nickname | G34: Notes: Hand Techniques; Basic attacks of the weaponless hand
A35: Four Winds Block | B35: =TODAY() -> 45226 | C35: 14 | D35: =SUM(B35+C35) -> 45240 | E35: Proficient | F35: Four Winds Block
A36: Double High Knife Block | B36: =TODAY() -> 45226 | C36: 17 | D36: =SUM(B36+C36) -> 45243 | E36: Proficient | F36: Double Outside Knife Strike
A37: One Two Punch | B37: =TODAY() -> 45226 | C37: 17 | D37: =SUM(B37+C37) -> 45243 | E37: Proficient | F37: One Two Punch
A38: Circle Back Fist | B38: =TODAY() -> 45226 | C38: 17 | D38: =SUM(B38+C38) -> 45243 | E38: Proficient | F38: One Two Punch
A39: Vertical Spear Hand Strike | B39: =TODAY() -> 45226 | C39: 14 | D39: =SUM(B39+C39) -> 45240 | E39: Proficient | F39: Vertical Spear Hand Strike
A40: Double Knife Chop | B40: =TODAY() -> 45226 | C40: 14 | D40: =SUM(B40+C40) -> 45240 | E40: Proficient | F40: Double Knife Chop
A41: Parallel-Double Palm Strike | B41: =TODAY() -> 45226 | C41: 14 | D41: =SUM(B41+C41) -> 45240 | E41: Proficient | F41: Parallel-Double Palm Strike
A43: Johk Sool | B43: Instruction Date | C43: Days Until Eval | D43: Evaluation Date | E43: Status | F43: Nickname | G43: Notes: Foot Techniques; Basic attacks using the feet
A44: Knee Kick | B44: =TODAY() -> 45226 | C44: 14 | D44: =SUM(B44+C44) -> 45240 | E44: Proficient | F44: Knee Kick
A45: Round Kick | B45: =TODAY() -> 45226 | C45: 14 | D45: =SUM(B45+C45) -> 45240 | E45: Proficient | F45: Round Kick
A46: Outside Kick | B46: =TODAY() -> 45226 | C46: 14 | D46: =SUM(B46+C46) -> 45240 | E46: Proficient | F46: Outside Kick
A47: Jump Inside Kick | B47: =TODAY() -> 45226 | C47: 14 | D47: =SUM(B47+C47) -> 45240 | E47: Proficient | F47: Jump Inside kick
A49: Ki Bohn Soo 6-15 | B49: Instruction Date | C49: Days Until Eval | D49: Evaluation Date | E49: Status | F49: Nickname | G49: Notes: Fundamental Techniques
A50: 6 | B50: =TODAY() -> 45226 | C50: 14 | D50: =SUM(B50+C50) -> 45240 | E50: Proficient | F50: Sudo-Elbow Chop | G50: Step Right Foot; Yuk Sudo to Wrist; Circle CW under arm; Grab Wrist; Step through with Left; Arm Bar (above Elbow) straight to ground; Kneel on Arm; (Back fist)
A51: 7 | B51: =TODAY() -> 45226 | C51: 14 | D51: =SUM(B51+C51) -> 45240 | E51: Proficient | F51: Shoulder Break | G51: Skip Left; Back Hand top of wrist; RF Sweep Back CCW- LH Circle CW (wrist on shoulder); X Cover (above Elow); Kneel-Take straight down
A52: 8 | B52: =TODAY() -> 45226 | C52: 14 | D52: =SUM(B52+C52) -> 45240 | E52: Proficient | F52: Y Grab up | G52: Step RF; RH-Y Grab Wrist; LH- Thumb down (inside Palm);LF-Sweep Back CCW; Wrist Lock Take Down; Kneel (Break Wrist)
A53: 9 | B53: =TODAY() -> 45226 | C53: 14 | D53: =SUM(B53+C53) -> 45240 | E53: Proficient | F53: Hook Knee | G53: SkipLeft; RH PP Grab Wrist; RF-Step Through; RF-Sweep Calf-LH Sudo Shoulder; Take down to Rear; Kneel on Chest (back fist)
A54: 10 | B54: =TODAY() -> 45226 | C54: 14 | D54: =SUM(B54+C54) -> 45240 | E54: Proficient | F54: Temple Thro | G54: Step RF; RH-Sudo Right Temple; LH-Palm Up to Chin; Twist Neck; Kneel Throw
A55: 11 | B55: =TODAY() -> 45226 | C55: 14 | D55: =SUM(B55+C55) -> 45240 | E55: Proficient | F55: Chin Throw | G55: Step RF; RH Sudo toLeft Temple; LH-PP under Chin; LF-Sweep CCW; Kneel twist Neck take down
A56: 12 | B56: =TODAY() -> 45226 | C56: 14 | D56: =SUM(B56+C56) -> 45240 | E56: Proficient | F56: Throat | G56: Step RF; LH-Hug Lower Back; RH-PP to Adams Apple: Push Away
A57: 13 | B57: =TODAY() -> 45226 | C57: 14 | D57: =SUM(B57+C57) -> 45240 | E57: Proficient | F57: Kneel | G57: Skip LF Behind; Kneel; LH Grabs Wrist; Knee to Knee-RH- Palm Strike Chest
A58: 14 | B58: =TODAY() -> 45226 | C58: 14 | D58: =SUM(B58+C58) -> 45240 | E58: Proficient | F58: Low High | G58: Step RF;RH Grabs L-Wrist (LOW); LF-Step in Front Through; LH around back to Neck (HIGH); Hip throw; Kneel on Chest; (Straight Punch)
A59: 15 | B59: =TODAY() -> 45226 | C59: 14 | D59: =SUM(B59+C59) -> 45240 | E59: Proficient | F59: High Low | G59: Step RF;LH around Back at waist (Low);RH-Grabs back of neck (High); Hip Throw; Kneel on Chest; (Back Fist)
A61: Form
A62: Ki Cho Hyung (Fundamental Form) 4-6
A64: Ki Cho Hyung 4 | B64: Instruction Date | C64: Days Until Eval | D64: Evaluation Date | E64: Status | F64: Notes: Fundamental Form
A65: 0 | B65: =TODAY() -> 45226 | C65: 14 | D65: =SUM(B65+C65) -> 45240 | E65: Proficient | F65: Start in Left Guard Stance
A66: 1 | F66: Rigtht Hand to Hip-LH Target;
A67: 2 | F67: Inside Kick; Step Down to Face Left Horse Stance
A68: 3 | F68: RH-Insie Clock; LH-Up Cover
A69: 4 | F69: LF Sweeps Back CCW to Face Front Long Stance; Left hand Outside Block; RH-Front Punch
A70: 5 | F70: RF-Step back; Hands to Genie Cover
A71: 6 | F71: Rotate CW to Face Rear Long Stance; RH-Sudo
A72: 7 | F72: LF- Steps Forward to Long Stance; Hands to genie Cover
A73: 8 | F73: Rotate CW to Face Front Long Stance; Sudo
A74: 9 | F74: RF-Steps back to Long Stance; High Low Cover; Hajun Sudo
A75: 10 | F75: Return to Cover; Finish in Left Guard Stance
A77: Ki Cho Hyung 5 | B77: Instruction Date | C77: Days Until Eval | D77: Evaluation Date | E77: Status | F77: Notes:
A78: 0 | B78: =TODAY() -> 45226 | C78: 14 | D78: =SUM(B78+C78) -> 45240 | E78: Proficient | F78: Start in Left Guard Stance
A79: 1 | F79: Hand on Hips; Front Kick; Step Forward to Front Kick; Land Long Stance
A80: 2 | F80: RH-Elbow; Sudo;
A81: 3 | F81: Step Backto RF Front Cat Stance; High Low Cover
A82: 4 | F82: Step Forward to RF Back Dragon Stance; Hajun Back Fist
A83: 5 | F83: LF-Step to Rear to Horse Stance; RH on Hip;LH target
A84: 6 | F84: Inside Kick land Facing Left Horse Stance;
A85: 7 | F85: RH- Inside Block; LH- Up Cover
A86: 8 | F86: LF- Sweeps Back CCW to Rear Facing Long Stance; Front Punch
A87: 9 | F87: Genie Cover; Rotate CW to Face Front Long Stance- Sudo
A88: 10 | F88: High Low Cover; RF-Steps Back to Long Stance-Hajun Sudo
A89: 11 | F89: Return to Cover; Finish in Left Guard Stance
A91: Ki Cho Hyung 6 | B91: Instruction Date | C91: Days Until Eval | D91: Evaluation Date | E91: Status | F91: Notes:
A92: 0 | B92: =TODAY() -> 45226 | C92: 14 | D92: =SUM(B92+C92) -> 45240 | E92: Proficient | F92: Start in Left Guard Stance
A93: 1 | F93: Rigtht Hand to Hip-LH Target;
A94: 2 | F94: Inside Kick; Step Down to Face Left Horse Stance; LH high cover
A95: 3 | F95: Rotate Counter CCW (high Knee) to Jump Inside Kick
A96: 4 | F96: Land RF Long Stance; RH-Sudo
A97: 5 | F97: Pivot Left to Rear Facing Guard
A98: 6 | F98: Rigtht Hand to Hip-LH Target;
A99: 7 | F99: Inside Kick; Step Down to Face Left Horse Stance; LH high cover
A100: 8 | F100: Rotate Counter CCW (high Knee) to Jump Inside Kick
A101: 9 | F101: Land RF Long Stance; RH-Sudo
A102: 10 | F102: Pivot Left to Front Facing Guard
A103: 11 | F103: Finish in Left Guard Stance

Sheet Yellow Belt
A1: Promotion Date | C1: Todays Date | D1: =TODAY() -> 45226
A2: Current Rank | B2: =BIO!$C$5 -> Black Belt | C2: Testing Date | D2: =VLOOKUP(B2,Target,4,0) -> 0
A3: Target Rank | B3: Blue Belt | C3: Days Until Testing | D3: =SUM(D2-(TODAY())) -> -45226
A5: Blue Stripe Requirments
A6: Theory
A7: Etiquette | B7: Instruction Date | C7: Days Until Eval | D7: Evaluation Date | E7: Status | F7: Nickname | G7: Notes: History, Language,Principles, and Ideology on which all Kuk Sool Won is Founded
A8: Handling Weapons
A9: Sparring
A10: Foundation | B10: Instruction Date | C10: Days Until Eval | D10: Evaluation Date | E10: Status | F10: Nickname | G10: Notes: History, Language,Principles, and Ideology on which all Kuk Sool Won is Founded
